鲁迅	中国	伟大也要有人懂。	《叶紫作序》（1935年）
鲁迅	中国	轻敌最容易失败。	《致萧军》（1935年6月7日）
鲁迅	中国	从来如此，便对么？	《狂人日记》（1918年）
鲁迅	中国	辱骂和恐吓决不是战斗	《致〈文学月报〉编辑的一封信》的标题（1932年）
鲁迅	中国	谦以待人，虚以接物。	《论讽刺》（1935年）
鲁迅	中国	和尚动得，我动不得？	《阿Q正传》（1921年）中，主角的台词
鲁迅	中国	石在，火種是不會絕的。	《「题未定」草（六至九）》（1935年）
鲁迅	中国	读书人的事，能算偷么？	《孔乙己》（1919年）中的主角台词 衍生meme句式：oo的事，怎么能叫xx呢？
鲁迅	中国	中国人不疑自己的多疑。	《我要骗人》（1936年）
鲁迅	中国	今天晚上，很好的月光。	《狂人日记》（1918年）的开头
鲁迅	中国	我决不出难题给别人做。	《致曹聚仁》（1934年8月13日）
鲁迅	中国	叛徒常常比敌人更可恶。	《颂萧》（1933年）
鲁迅	中国	苟活就是活不下去的初步。	《北京通信》（1925年）
鲁迅	中国	小作为比大作为更烦难的。	《娜拉走后怎样》（1923年）
鲁迅	中国	你怎么这样凭空污人清白？	《孔乙己》（1919年）中的主角台词
鲁迅	中国	狗往往比它的主人更严厉。	《小杂感》（1927年）
鲁迅	中国	史家之绝唱，无韵之离骚。	《汉文学史纲要·第十篇》（1926年），鲁迅评《史記》
鲁迅	中国	凡事总须研究，才会明白。	《狂人日记》（1918年）
鲁迅	中国	我可不怕，仍旧走我的路。	《狂人日记》（1918年）
鲁迅	中国	愤恨只是恨恨而死的根苗。	《随感录六十二》（1919年）
鲁迅	中国	人必生活着，愛才有所附麗。	《傷逝》（1925年）
鲁迅	中国	不多不多！多乎哉？不多也。	《孔乙己》（1919年）中的主角台词
鲁迅	中国	回字有四样写法，你知道么？	《孔乙己》（1919年）中的主角台词
鲁迅	中国	倘能生存，我当然仍要学习。	《答徐懋庸并关于抗日统一战线问题》（1936年）
鲁迅	中国	我实在没有说过这样一句话。	《致台静农》（1932年12月13日）
鲁迅	中国	呵呵！祝你安好。我是好的。	《致李小峰》（1927年9月3日）
鲁迅	中国	与其多而不佳，不如少而好。	《致陈烟桥》（1934年4月12日）
鲁迅	中国	以謠言殺人，也以謠言被殺。	《谣言世家》（1933年）
鲁迅	中国	阿呀，骇死我了，骇死我了。	《阿长与山海经》（1926年） 衍生meme语句：啊呀，骇死我力！
鲁迅	中国	待我成尘时，你将见我的微笑！	《墓碣文》（1925年）
鲁迅	中国	梦是好的；否则，钱是要紧的。	《娜拉走后怎样》（1923年）
鲁迅	中国	绝望之为虚妄，正与希望相同！	《希望》（1925年）
鲁迅	中国	能忏悔的人，精神是极其崇高的。	《中国文坛上的鬼魅》（1934年）
鲁迅	中国	爱情必须时时更新，生长，创造。	《傷逝》（1925年）
鲁迅	中国	我不习于交际，对人常失之粗卤。	《致娄如瑛》（1934年5月1日）
鲁迅	中国	依傍和模仿，决不能产生真艺术。	《记苏联版画展览会》（1936年）
鲁迅	中国	改造自己，总比禁止别人来得难。	《论毛笔之类》（1935年）
鲁迅	中国	凡有被捧者，十之九不是好东西。	《这个与那个》（1925年）
鲁迅	中国	删夷枝叶的人，决定得不到花果。	《这也是生活》（1936年）
鲁迅	中国	有真意，去粉饰，少做作，勿卖弄。	《作文秘诀》（1933年）
鲁迅	中国	豈有豪情似舊時，花開花落兩由之。	《悼杨铨》（1933年）
鲁迅	中国	心事浩茫連廣宇，於無聲處聽驚雷。	《无题》（1934年）
鲁迅	中国	中国老例，一死是常常能够增价的。	《玩笑只当它玩笑（上）》（1934年）
鲁迅	中国	无情未必真豪杰，怜子如何不丈夫。	《答客诮》（1931年）
鲁迅	中国	横眉冷对千夫指，俯首甘为孺子牛。	《自嘲》（1932年）
鲁迅	中国	躲进小楼成一统，管他冬夏与春秋。	《自嘲》（1932年）
鲁迅	中国	寄意寒星荃不察，我以我血荐轩辕。	《自题小像》（1903年）
鲁迅	中国	宁可与敌人明打，不欲受同人暗算。	《致娄如瑛》（1934年5月1日）
鲁迅	中国	这样的人血馒头，什么痨病都包好！	《药》（1919年）中的台词
鲁迅	中国	中国本来是撒谎国和造谣国的联邦。	《通讯（复孙伏园）》（1925年）
鲁迅	中国	度尽劫波兄弟在，相逢一笑泯恩仇。	《题三义塔》（1933年）
鲁迅	中国	这种争斗我也看得够了，由他去吧！	见章衣萍的回忆文章《古庙杂谈（五）》（1925年）
鲁迅	中国	顽劣，钝滞，都足以使人没落，灭亡。	《上海的儿童》（1933年）
鲁迅	中国	我至今终于不明白我一向是在做什么。	《写在后面》（1926年）
鲁迅	中国	意圖生存，而太卑怯，結果就得死亡。	《北京通信》（1925年）
鲁迅	中国	中医不过是一种有意的或无意的骗子。	《呐喊自序》（1922年）
鲁迅	中国	要有茂林嘉卉，却非先有这萌芽不可。	《序》（1934年）
鲁迅	中国	其实，先驱者本是容易变成绊脚石的。	《新的世故》（1927年）
鲁迅	中国	生活太安逸了，工作就被生活所累了。	孙伏园《哭鲁迅先生》中对鲁迅言论的回忆
鲁迅	中国	世间有一种无赖精神，那要义就是韧性。	《娜拉走后怎样》（1923年）
鲁迅	中国	衷悲所以哀其不幸，疾视所以怒其不争。	《摩罗诗力说》（1907年） 衍生语句：哀其不幸，怒其不争。
鲁迅	中国	我们之间已经隔了一层可悲的厚障壁了。	《故鄉》（1921年）
鲁迅	中国	必须和实社会接触，使所读的书活起来。	《读书杂谈》（1927年）
鲁迅	中国	人类的悲欢并不相通，我只觉得他们吵闹。	《小杂感》（1927年）
鲁迅	中国	只要能培一朵花，就不妨做做会朽的腐草。	《近代世界短篇小说集·小引》（1929年）
鲁迅	中国	不能真心领得苦痛，也便难有新生的希望。	《随感录》（1918年至1919年）
鲁迅	中国	一切事物，在转变中，是总有多少中间物的。	《写在后面》（1926年）
鲁迅	中国	人生多苦辛，而人们有时却极容易得到安慰。	《写在后面》（1926年）
鲁迅	中国	最高的轻蔑是无言，而且连眼珠也不转过去。	《半夏小集》（1936年）
鲁迅	中国	友邦人士，莫名惊诧，长此以往，国将不国。	《友邦惊诧论》（1931年） 衍生meme语句：友邦惊诧。
鲁迅	中国	没有吃过人的孩子，或者还有？救救孩子……	《狂人日记》（1918年）
鲁迅	中国	死者倘不埋在活人的心中，那就真真死掉了。	《空谈》（1926年）
鲁迅	中国	非有天马行空似的大精神即无大艺术的产生。	《苦闷的象征·引言》（1924年）
鲁迅	中国	我向来是不惮以最坏的恶意来推测中国人的。	《记念刘和珍君》（1926年）
鲁迅	中国	反革命者的野兽性，革命者倒是会很难推想的。	《 后记》（1933年）
鲁迅	中国	激烈得快的，也平和的快，甚至于也颓废的快。	《上海文艺之一瞥》（1931年）
鲁迅	中国	倘有陌生的声音叫你的名字，你万不可答应他。	《从百草园到三味书屋》（1926年）
鲁迅	中国	假使做事要面面顾到，那就什么事都不能做了。	《关于知识阶级》（1927年）
鲁迅	中国	事实是毫无情面的东西，它能将空言打得粉碎。	《安贫乐道法》（1934年）
鲁迅	中国	我不愿彷徨于明暗之间，我不如在黑暗里沉没。	《影的告别》（1924年）
鲁迅	中国	在小说里可以发见社会，也可以发见我们自己。	《文艺与政治的歧途》（1927年）
鲁迅	中国	真，自然是不容易的。譬如态度，就不容易真。	《无声的中国》（1927年）
鲁迅	中国	以人为鉴，明白非常，是使人能够反省的妙法。	《毁灭》的译后记（1931年）
鲁迅	中国	虫蛆也许是不干净的，但它们并没有自命清高。	《狗·猫·鼠》（1926年）
鲁迅	中国	我们先前——比你阔的多啦！你算是什么东西！	《阿Q正传》（1921年）中，主角提出「祖上阔过」的精神胜利话术
鲁迅	中国	我好像一只牛，吃的是草，挤出的是牛奶，血。	许广平《鲁迅夫子》挽词中对丈夫言论的追忆
鲁迅	中国	无论如何，不革新，是生存也为难的，而况保古。	《忽然想到·六》（1925年）
鲁迅	中国	要自己思索，自己觀察。倘只看書，便變成書廚。	《读书杂谈》（1927年）
鲁迅	中国	人类总不会寂寞，因为生命是进步的，是乐天的。	《随感录六十六》（1919年）
鲁迅	中国	惟独革命家，无论他生或死，都能给大家以幸福。	《黄花节的杂感》（1927年）
鲁迅	中国	.一个独身的生活，决不能常往安逸方面着想的。	孙伏园《哭鲁迅先生》中对鲁迅言论的回忆
鲁迅	中国	这是我做的么？我想。看下去，似乎也确是我做的。	《〈坟〉的题记》（1926年）
鲁迅	中国	必须敢于正视，这才可望敢想，敢说，敢作，敢当。	《论睁了眼看》（1925年）
鲁迅	中国	我有时也不大能够分清那句是谣言，那句是真话了。	《谣言世家》（1933年）
鲁迅	中国	人而没有「坚信」，狐狐疑疑，也许并不是好事情。	《运命》（1934年）
鲁迅	中国	我自爱我的野草，但我憎恶这以野草作装饰的地面。	《野草题辞》（1927年）
鲁迅	中国	说话说到有人厌恶，比起毫无动静来，还是一种幸福。	《〈坟〉的题记》（1926年）
鲁迅	中国	一碗酸辣汤，耳闻口讲的，总不如亲自呷一口的明白。	《记「发薪」》（1926年）
鲁迅	中国	我以为要少——或者竟不——看中国书，多看外国书。	《青年必读书》（1925年）
鲁迅	中国	人在天性上不能没有憎，而这憎，又或根于更广大的爱。	《 译者附记》（1921年）
鲁迅	中国	蒙蔽是不能长久的，接着起来的又将是一场血腥的战斗。	《中国文坛上的鬼魅》（1934年）
鲁迅	中国	天才们无论怎样说大话，归根结蒂，还是不能凭空创造。	《叶紫作序》（1935年）
鲁迅	中国	凡事无论大小，只要和自己有些相干，便不免格外警觉。	《并非闲话》（1925年）
鲁迅	中国	怀疑并不是缺点。总是疑，而并不下断语，这才是缺点。	《我要骗人》（1936年）
鲁迅	中国	真的猛士，敢于直面惨淡的人生，敢于正视淋漓的鲜血。	《记念刘和珍君》（1926年）
鲁迅	中国	将来是现在的将来，于现在有意义，才于将来会有意义。	《论「第三种人」》（1932年）
鲁迅	中国	中国人自然有迷信，也有「信」，但好像很少「坚信」。	《运命》（1934年）
鲁迅	中国	勇者憤怒，抽刃向更強者；怯者憤怒，卻抽刃向更弱者。	《雜感》（1925年）
鲁迅	中国	什么是休息，我是不懂得的，怎样娱乐，我也全不会的。	许广平《鲁迅全集编校后记》（1938年）中对丈夫言论的追忆
鲁迅	中国	哪里有天才？我是把别人喝咖啡的工夫都用在工作上的。	许广平《鲁迅全集编校后记》（1938年）中对丈夫言论的追忆
鲁迅	中国	「爸爸」和前辈的话，固然也要听的，但也须说得有道理。	《从孩子的照相说起》（1934年）
鲁迅	中国	大话不宜讲得太早，否则，倘有记性，将来想到时会脸红。	《导师》（1925年）
鲁迅	中国	阔的聪明人种种譬如昨日死。不阔的傻子种种实在昨日死。	《小杂感》（1927年）
鲁迅	中国	只要谁露出真价值来，即使只值半文，我决不敢轻薄半句。	《我还不能「带住」》（1926年）
鲁迅	中国	有缺点的战士终竟是战士，完美的苍蝇也终竟不过是苍蝇。	《战士和苍蝇》（1925年）
鲁迅	中国	帮朋友的忙，帮到后来，只忙了自己，这是常常要遇到的。	《致萧军、萧红》（1935年4月23日）
鲁迅	中国	不满是向上的车轮，能够载着不自满的人类，向人道前进。	《随感录六十一》（1919年） 衍生语句：不满足是向上的齿轮。
鲁迅	中国	」一劳永逸」的话，有是有的，而「一劳永逸」的事却极少。	《再论重译》（1934年）
鲁迅	中国	我的确时时解剖别人，然而更多的是更无情面地解剖我自己。	《写在后面》（1926年）
鲁迅	中国	惟有民魂是值得宝贵的，惟有他发扬起来，中国才有真进步。	《学界的三魂》（1926年）
鲁迅	中国	有许多事情都只剩下一个空名和假样，就为了不认真的缘故。	《读后感》（1934年）
鲁迅	中国	当我沉默着的时候，我觉得充实；我将开口，同时感到空虚。	《野草题辞》（1927年）
鲁迅	中国	苛求君子，宽纵小人，自以为明察秋毫，而实则反助小人张目。	《「题未定」草（六至九）》（1935年）
鲁迅	中国	我所佩服诸公的只有一点，是这种东西也居然会有发表的勇气。	《估 》（1922年）
鲁迅	中国	单靠「策略」，是没有用的，有真切的见解，才有精明的行为。	《又论「第三种人」》（1933年）
鲁迅	中国	只有自己懂得或流自己也不懂的生造出来的字句，是不大用的。	《我怎么做起小说来？》（1933年）
鲁迅	中国	卑怯的人，即使有万丈的愤火，除弱草以外，又能烧掉甚么呢？	《杂忆》（1925年）
鲁迅	中国	希望是附丽于存在的，有存在，便有希望，有希望，便是光明。	《记谈话》（1926年）
鲁迅	中国	研究是要用理智，要冷静的，而创作须情感，至少总得发点热。	《读书杂谈》（1927年）
鲁迅	中国	专制者的反面就是奴才，有权时无所不为，失势时即奴性十足。	《谚语》（1933年）
鲁迅	中国	自然，我不是木石，倘有人给我一拳，我有时也会还他一脚的。	《通信（复魏猛克）》（1933年）
鲁迅	中国	他说不新鲜，一定也有他的道理，不加以查看就抹杀是不对的。	萧红《回忆鲁迅先生》（1939年）中对鲁迅言论的回忆
鲁迅	中国	逝去，逝去，一切一切，和光阴一同早逝去，在逝去，要逝去了。	《写在后面》（1926年）
鲁迅	中国	曾经阔气的要复古，正在阔气的要保持现状，未曾阔气的要革新。	《小杂感》（1927年）
鲁迅	中国	非写实的讽刺，即使能有这样的东西，也不过是造谣和诬蔑而已。	《论讽刺》（1935年）
鲁迅	中国	为什么人类成了人，猴子终于是猴子呢？这就因为猴子不肯变化。	《革命时代的文学》（1927年）
鲁迅	中国	延长我的生命，倒不尽是为了我的爱人，大大半乃是为了我的敌人。	《〈坟〉的题记》（1926年）
鲁迅	中国	志愿愈大，希望愈高，可以致力之处就愈少，可以自解之处也愈多。	《叶紫作序》（1935年）
鲁迅	中国	专门家除了他的专长之外，许多见识是往往不及博识家或常识者的。	《名人和名言》（1935年）
鲁迅	中国	文艺是国民精神所发的火光，同时也是引导国民精神的前途的灯火。	《论睁了眼看》（1925年）
鲁迅	中国	运命并不是中国人的事前的指导，乃是事后的一种不费心思的解释。	《运命》（1934年）
鲁迅	中国	因为我要过活。你懂得么？这也是生活呀。我要看来看去的看一下。	《这也是生活》（1936年）
鲁迅	中国	时间就是性命。无端的空耗别人的时间，其实是无异于谋财害命的。	《门外文谈》（1934年） 衍生语句1：时间就是生命。无缘无故地耗费别人的时间，和图财害命没有什么两样。 衍生语句2：生命是以时间为单位的，浪费别人的时间等于谋财害命，浪费自己的时间等于慢性自杀。
鲁迅	中国	文学史上，我没有见过用阴谋除去了文学上的敌手，便成为文豪的人。	《致韦素园》（1931年2月2日）
鲁迅	中国	悲剧将人生的有价值的东西毁灭给人看，喜剧将那无价值的撕破给人看。	《再论雷峰塔的倒掉》（1925年）
鲁迅	中国	发见，这是积极的事业。哥仑布与爱迪生，也不过有了发见或发明而已。	《外国也有》（1933年）
鲁迅	中国	「急不择言」的病源，并不在没有想的工夫，而在有工夫的时候没有想。	《忽然想到·十一》（1925年）
鲁迅	中国	自己背着因袭的重担，肩住了黑暗的闸门，放他们到宽阔光明的地方去。	《我们怎样做父亲》（1919年）中对父子关系的建议
鲁迅	中国	我们此后实在只有两条路：一是抱着古文而死掉，一是舍掉古文而生存。	《无声的中国》（1927年）
鲁迅	中国	血沃中原肥劲草，寒凝大地发春华。英雄多故谋夫病，泪洒崇陵噪暮鸦。	《无题》（1932年）
鲁迅	中国	在我的後園，可以看見牆外有兩株樹，一株是棗樹，還有一株也是棗樹。	《秋夜》（1924年）
鲁迅	中国	丑态，我说，倒还没有什么丢人，丑态而蒙着公正的皮，这才催人呕吐。	《答KS君》（1925年）
鲁迅	中国	为赤贫的绅士计，目前最好的方法，我以为莫如弄一个有钱的女人做老婆。	《新的蔷薇》（1926年）
鲁迅	中国	想到生的乐趣，生固然可以留恋；但想到生的苦趣，无常也不一定是恶客。	《无常》（1926年）
鲁迅	中国	我想，无产者的革命，乃是为了自己的解放和消灭阶级，并非因为要杀人。	《致〈文学月报〉编辑的一封信》（1932年）
鲁迅	中国	战斗当首先守住营垒，若专一冲锋，而反遭覆灭，乃无谋之勇，非真勇也。	《致榴花社》（1933年6月20日）
鲁迅	中国	敌人是不足惧的，最可怕的是自己营垒里的蛀虫，许多事都败在他们手里。	《致萧军、萧红》（1934年12月6日）
鲁迅	中国	即使慢，驰而不息，纵令落后，纵令失败，但一定可以达到他所向的目标。	《补白》（1925年）
鲁迅	中国	无论是学文学的，学科学的，他应该先看一部关于历史的简明而可靠的书。	《随便翻翻》（1934年）
鲁迅	中国	什么是路？就是从没路的地方践踏出来的，从只有荆棘的地方开辟出来的。	《随感录六十六》（1919年）
鲁迅	中国	一说到经济的平匀分配，或不免面前就遇见敌人，这就当然要有剧烈的战斗。	《娜拉走后怎样》（1923年）
鲁迅	中国	并不一哄而起的人，当时好像落后，但因为也不一哄而散，后来却成为中坚。	《曹靖华译序》（1936年）
鲁迅	中国	如果历史家的话不是诳话，则世界上的事物可还没有因为黑暗而长存的先例。	《记谈话》（1926年）
鲁迅	中国	黑暗只能附丽于渐就灭亡的事物，一灭亡，黑暗也就一同灭亡了，它不永久。	《记谈话》（1926年）
鲁迅	中国	生了孩子，还要想怎样教育，才能使这生下来的孩子，将来成一个完全的人。	《随感录二十五》（1918年）
鲁迅	中国	修辞也有一点秘诀：一要蒙胧，二要难懂。那方法，是：缩短句子，多用难字。	《作文秘诀》（1933年）中对古文的讽刺
鲁迅	中国	我之所谓生存，并不是苟活；所谓温饱，并不是奢侈；所谓发展，也不是放纵。	《北京通信》（1925年）
鲁迅	中国	道德这事，必须普遍，人人应做，人人能行，又于自他两利，才有存在的价值。	《我之节烈观》（1918年）
鲁迅	中国	苟活者在淡红的血色中，会依稀看见微茫的希望；真的猛士，将更奋然而前行。	《记念刘和珍君》（1926年）
鲁迅	中国	自称盗贼的无须防，得其反倒是好人；自称正人君子的必须防，得其反则是盗贼。	《小杂感》（1927年）
鲁迅	中国	我做完之后，总要看两遍，自己觉得拗口的，就增删几个字，一定要它读得顺口。	《我怎么做起小说来？》（1933年）
鲁迅	中国	火能烧死人，水也能淹死人，但水的模样柔和，好像容易亲近，因而也容易上当。	《水性》（1934年）
鲁迅	中国	与其找胡涂导师，倒不如自己走，可以省却寻觅的工夫，横竖他也什么都不知道。	《田园思想（通讯）》（1925年）
鲁迅	中国	我们看历史，能够据过去以推知未来，看一个人的已往的经历，也有一样的效用。	《答KS君》（1925年）
史铁生	中国	我的职业是生病，业余写点东西。	
史铁生	中国	且视他人之凝目如盏盏鬼火，大胆地去走你的夜路。	
史铁生	中国	我等你，直到垂暮之年，野草有了一百代子孙，那条长椅上依然空留着一个位置……	
史铁生	中国	死是一件无须乎着急去做的事，是一件无论怎样耽搁也不会错过了的事，一个必然会降临的节日。	
史铁生	中国	人不是苟死苟活的物类，不是以过程的漫长为自豪，而是以过程的精彩、尊贵和独具爱愿为骄傲的。	
史铁生	中国	梦想使你迷醉，距离就成了欢乐；追求使你充实，失败和成功都是伴奏；当生命以美的形式证明其价值的时候，幸福是享受，痛苦也是享受。	
余华	中国	人类无法忍受太多的真实。	
余华	中国	人只要活得高兴，穷也不怕。	
余华	中国	一个人命再大，要是自己想死，那就怎么也活不了。	
余华	中国	人啊，活着时受了再多的苦，到了快死的时候也会想个法子来宽慰自己。	
余华	中国	没有什么比时间更具有说服力了，因为时间无需通知我们就可以改变一切。	
余华	中国	无论多么美好的体验都会成为过去，无论多么深切的悲哀也会落在昨天，一如时光的流逝毫不留情。	
余华	中国	我们走在寂静里，这个寂静的名字叫死亡。我们不再说话，那是因为我们的记忆不再前行。这是隔世记忆，斑驳陆离，虚无又真实。	
余华	中国	如果你的世界，没有痛苦的害怕，没有尊严的担忧，没有富贵的贫贱，没有暖寒的交替，没有外貌的困扰，没有男女的区别，没有你我之分，没有生死顾虑，你才会离「真正的活着」越来越近。	
司馬遷	中国	士為知己者用，女為說己者容。	
司馬遷	中国	究天人之際，通古今之變，成一家之言。	出自《報任少卿書》
司馬遷	中国	人固有一死，死或重於泰山，或輕於鴻毛。	出自《報任少卿書》
司馬遷	中国	韩（非）子引绳墨，切事情，明是非，其极惨礉少恩，皆原於《道德（经）》之意，而老子深远矣。	出自《史记·老子韩非列传》
夏目漱石	日本	执着于理则锋芒毕露。沉湎于情则随波逐流。强执己见又自缚于一隅。总之，人世难居。	出处：《草枕》
夏目漱石	日本	有些人把一角解釋做一元的十分之一，有些人則解釋做一分的十倍。 -- 2月20日名言	
三島由紀夫	日本	放棄物質文明的墮落，找回古人純樸堅忍的美德與精神，成為真的武士。	
三島由紀夫	日本	母親坦率的心，率直的接納了少女的謙讓。少女微笑了。兒子的選擇是明智的，母親想著──島上的政治總是用這種方式運行著--《潮騷》	
大江健三郎	日本	我最高興的事情就是別人說我像魯迅。	
大江健三郎	日本	我认为人与人之间的爱是非常重要的。令我不可思议的是，性的问题经常让人琢磨不透的。我非常期待着，也许我到了70岁会对性的问题没有兴趣了。	
大江健三郎	日本	作为边缘性国家，日本一定要成为一个和平的国家，具有独特价值的国家。今后，日本的处境将会越来越困难，但决不能借口日本处境艰难就要走帝国主义道路。	
大江健三郎	日本	日本侵略了中國，所以，未來的中日應該和平、友好下去。否則，日本的未來是不幸的。所以，我希望中日兩國年輕人更好地交流合作。而我已經老了，所以我出不了太大的力氣了。	
維克多·雨果	法国	最高的法律是良心。	
維克多·雨果	法国	人們夜裏走路，眼睛總要盯著燈光。	
維克多·雨果	法国	書籍，引領我散步在別人的靈魂中。	
維克多·雨果	法国	政府有時會做強盜，但是人民永遠不當強盜。	
維克多·雨果	法国	降臨在人生的無上幸福，便是確信我們被愛著。	
維克多·雨果	法国	谁虚度年华，青春就要褪色，生命就会抛弃他们。	
維克多·雨果	法国	我要提出抗議，治人者所犯的罪惡與治於人者不相干。	
維克多·雨果	法国	黑暗籠罩著整個世界，但理想卻光芒四射，無比燦爛。	
維克多·雨果	法国	當他了解到富裕存在，而富裕仍忽視他的那一刻，悲壯的結局已然無法避免。	
維克多·雨果	法国	世界上最寬闊的東西是海洋，比海洋更寬闊的是天空，比天空更寬闊的是人的胸懷。	
維克多·雨果	法国	詩人的兩隻眼睛，一隻為人類而生，另一隻為大自然而生。第一隻叫觀察，第二隻叫想像。	
維克多·雨果	法国	丑就在美的旁边，畸形靠近着优美，丑怪藏在崇高的背后，恶与善并存，黑暗与光明相共。	出自：《克伦威尔序》
維克多·雨果	法国	盡量少犯錯誤，這是人的準則；不犯錯誤，那是天使的夢想。塵世上的一切都是免不了錯誤的。	
維克多·雨果	法国	人并不是只有一個圓心的圓圈；它是一個有兩個焦點的橢圓形。事物是一個點，思想是另一個點。	
維克多·雨果	法国	人的智慧掌握着三把钥匙，一把开启数字，一把开启字母，一把开启音符。知识、思想、幻想就在其中。	
巴爾扎克	法国	谁自重，谁就会得到尊重。	
巴爾扎克	法国	人民大众难道就那么健忘吗？	
巴爾扎克	法国	生活的智慧大概就在于遇事问个为什么。	
巴爾扎克	法国	躬身自問和沉思默想會充實我們的頭腦。	
巴爾扎克	法国	一個能思想的人，才真是一個力量無邊的人。	
巴爾扎克	法国	试问哪个人没有欲望，哪种社会欲望可以不靠金钱便能满足呢？	《欧也妮·葛朗台》
巴爾扎克	法国	（葛朗台先生取得了新的贵族称号。）尽管我们酷爱平等，这种称号却是永远也消灭不了的。	《欧也妮·葛朗台》
巴爾扎克	法国	女人愛上了我們，一切都不計較，那怕是我們的罪惡；一旦她們不愛我們了，便把我們看得一文不值，連我們的優點都在內。	
左拉	法国	每一個人可能的最大幸福是在全體人所實現的最大幸福之中。	
伏爾泰	法国	自私是永远存在的	
伏爾泰	法国	熱愛真理；原諒錯誤	
伏爾泰	法国	不工作，和死亡是一樣的。	
伏爾泰	法国	出處：《风俗论》第一〇二章	
伏爾泰	法国	出處：《风俗论》第一九五章	
伏爾泰	法国	我的職業，就是說我要說的話。	
伏爾泰	法国	我熱愛快樂與生命，更勝熱愛真理。	
伏爾泰	法国	我行了一點善，那是我最好的作品。	
伏爾泰	法国	不经巨大的困难，不会有伟大的事业。	
伏爾泰	法国	假使你不願自殺，你最好找點工作做。	
伏爾泰	法国	除了懶人之外，所有的人都是善良的。	
伏爾泰	法国	人世間所有的榮華富貴不如一個好朋友。	
伏爾泰	法国	沒有引言的字典就如同一具空洞的骨架。	
伏爾泰	法国	假如上帝並不存在，那就必須把祂造出來。	
伏爾泰	法国	願每個人都能藉由自己喜愛的路走向於神。	
伏爾泰	法国	寧可誤放一個犯人而不冤枉任何一位無辜者。	
伏爾泰	法国	幾個蒼蠅咬幾口，決不能羈留一匹英勇的奔馬。	
伏爾泰	法国	神聖羅馬帝國既不神聖，亦非羅馬，更非帝國。	
伏爾泰	法国	我敬愛上帝，愛朋友，不恨敵人，厭惡迷信到死。	
伏爾泰	法国	现在，现在，我的好兄弟，我可没时间再树敌了。	伏尔泰临终前，一位牧师请他与撒旦断绝关系。
伏爾泰	法国	使人疲惫的不是远方的高山，而是鞋里的一粒沙子。	
伏爾泰	法国	我不同意你的观点，但是我誓死捍卫你说话的权利。	
伏爾泰	法国	沒有所謂運氣這回事。一切無非是考驗、懲罰或補償。	
伏爾泰	法国	親愛的讀者，請您相信我這句話吧：萬萬不可以輕易相信。	
伏爾泰	法国	我已经听厌了那十二个人是怎样建立起基督教的，我倒想说，仅凭一个人就可以摧毁它。	
伏爾泰	法国	整齊劃一，人們沒有獨立思考，社會表面平靜，並不是幸福，這不過是「沉默地划著船的奴隸的平靜」。	
伏爾泰	法国	人类肯定想象不出来一个比这更好的政府：一切都由一级从属一级的衙门来裁决，官员必须经过好几次严格的考试才被录用。	原文：L’esprit humain ne peut certainement imaginer un gouvernement meilleur que celui où tout se décide par de grands tribunaux, subordonnés les uns aux autres, dont les membres ne sont reçus qu’après plusieurs examens sévères.
伏爾泰	法国	人生最大的发现是发现自己是一块有用之材，最大的工程是把这块材料打造成有用的东西，最大的奉献就是把这块东西奉献给社会。	
伏爾泰	法国	世界上的任何伟大业绩几乎从来都只能依靠一个人的天才和坚定性才得以实现，因为他必须同众人的偏见作斗争，或者将偏见给予众人。	原文：Il ne s’est presque jamais rien fait de grand dans le monde que par le génie et la fermeté d’un seul homme qui lutte contre les préjugés de la multitude, ou qui lui en donne.
亞歷山大·仲馬	法国	事業是什麼？簡單得很，那是指別人家的金錢。	
威廉·莎士比亚	英国	該放棄的決不挽留。	
威廉·莎士比亚	英国	书籍是全世界的营养品。	
威廉·莎士比亚	英国	脆弱，你的名字是女人！	
威廉·莎士比亚	英国	知过则改永远是不嫌迟的。	
威廉·莎士比亚	英国	世事本無好壞，思想使然耳。	
威廉·莎士比亚	英国	洪水可以從涓滴的細水中發生。	
威廉·莎士比亚	英国	自己的行动，而不是倚恃家门。	
威廉·莎士比亚	英国	使心地清净是青年人最大的诫命。	
威廉·莎士比亚	英国	不速之客只在告辭以後才最受歡迎。	
威廉·莎士比亚	英国	生存，还是毁灭，这正是问题所在。	To be, or not to be… that is the question.
威廉·莎士比亚	英国	聽見樹林的呢喃、發現溪流中的知識。	
威廉·莎士比亚	英国	死是可怕的。耻辱的生命是尤其可恼的。	
威廉·莎士比亚	英国	真正的鬥士，永遠願意承認自己的失敗。	
威廉·莎士比亚	英国	丑恶的海怪也比不上忘恩的儿女那样可怕。	
威廉·莎士比亚	英国	把名誉从我身上拿走，我的生命也就完了。	
威廉·莎士比亚	英国	整个世界是座舞台，男男女女，演员而已。	
威廉·莎士比亚	英国	美滿的愛情，使鬥士緊繃的心情鬆弛下來。	
威廉·莎士比亚	英国	在命运的颠沛中，很容易看出一个人的气节。	
威廉·莎士比亚	英国	一個驕傲的人，結果總是在驕傲裡毀滅了自己。	
威廉·莎士比亚	英国	无言的纯洁的天真，往往比说话更能打动人心。	
威廉·莎士比亚	英国	即便我身处果壳之中，仍自以为是无限宇宙之王。	
威廉·莎士比亚	英国	完美的爱情使人意志薄弱，不完美的爱情伤害人心。	
威廉·莎士比亚	英国	讚美那已經失去的，好使它在回憶中顯得格外可愛。	
威廉·莎士比亚	英国	不要只因一次失败，就放弃你原来决心想达到的目的。	
威廉·莎士比亚	英国	青春是一个短暂的美梦，当你醒来时，它早已消失无踪。	
威廉·莎士比亚	英国	沒有人值得你流淚，值得讓你這麼做的人不會讓你哭泣。	No man or woman is worth your tears, and the one who is, won’t make you cry.
威廉·莎士比亚	英国	爱好虚荣的人，把一件富丽的外衣遮掩着一件丑陋的内衣。	
威廉·莎士比亚	英国	熄滅吧，熄滅吧，瞬間的燈火，人生只不過是行走著的影子。	
威廉·莎士比亚	英国	爱情里要是掺杂了和它本身无关的算计，那就不是真的爱情。	
威廉·莎士比亚	英国	語言很簡單，就像風來去自如，但是真誠的朋友卻很難尋找！	
威廉·莎士比亚	英国	世间的很多事物，追求时候的兴致总要比享用时候的兴致浓烈。	
威廉·莎士比亚	英国	太完美的爱情，伤心又伤身，身为江湖儿女，没那个闲工夫 。	
威廉·莎士比亚	英国	新的火焰可以把旧的火焰扑灭；大的苦痛可以使小的苦痛减轻。	
威廉·莎士比亚	英国	能伤害我们；我们的生命可以终了，我们的名誉却要永垂万古。	
威廉·莎士比亚	英国	女人用耳朵來戀愛;而男人如果產生了愛情,卻是用眼睛來戀愛。	The woman is with the ear love, but man if can have love, actually is comes the love with the eye.
威廉·莎士比亚	英国	人生像一個喝醉酒之後爬在桅桿上的水手，隨時都有跌下來的可能。	
威廉·莎士比亚	英国	他赏了你钱，所以他是好人；有了拍马的人，自然就有爱拍马的人。	
威廉·莎士比亚	英国	母羊要是听不见她自己小羊的啼声，她决不会回答一头小牛的叫喊。	
威廉·莎士比亚	英国	人世间的煊赫光荣，往往产生在罪恶之中，为了身外的浮名，牺牲自己的良心。	
威廉·莎士比亚	英国	无数人的失败，都是失败于做事情不彻底，往往做到离成功只差一步就停下来。	
威廉·莎士比亚	英国	月亮明亮的时候，我们就照不见灯光。小小的荣耀也正是这样给更大的光荣所掩。	
威廉·莎士比亚	英国	名誉是一种无聊的最靠不住的随意赏赐；往往得来全不凭功德，失去又不是咎由自取。	
威廉·莎士比亚	英国	愛和炭相同，燒起來後，要想辦法叫它冷卻。如果讓它任意著，那就要把一顆心燒焦。	
威廉·莎士比亚	英国	无瑕的名誉是世间最纯粹的珍宝。失去了名誉，人类不过是一些镀金的粪土，染色的泥块。	
威廉·莎士比亚	英国	上帝是公平的，掌握命运的人永远站在天平的两端，被命运掌握的人仅仅只明白上帝赐给他命运。	
威廉·莎士比亚	英国	愚人的蠢事算不得稀奇，聰明人的蠢事才叫人笑痛肚皮；因為他用全副的本領證明了自己的愚笨。	
威廉·莎士比亚	英国	虚荣是一件无聊的骗人的东西；得到它的人，未必有什么功德，失去它的人，也未必有什么过失。	
威廉·莎士比亚	英国	通常人只要發了一個難以遵守的誓言，都會想辦法讓自己可以一邊叛誓，一邊把自己的信譽保全。	
威廉·莎士比亚	英国	黑暗无论怎样悠长，白昼总会到来。世界上还没有一个方法，可以从一个人的脸上探察他的居心。	
威廉·莎士比亚	英国	赞美倘从被赞美自己的嘴里发出，是会减去赞美的价值的；从敌人嘴里发出的赞美才是真正的光荣。	
威廉·莎士比亚	英国	在灰暗的日子中，不要让冷酷的命运窃喜；命运既然来凌辱我们，就应该用处之泰然的态度予以报复。	
威廉·莎士比亚	英国	為一件過失辯解，往往使這過失顯得格外重大，正像用布塊縫補一處小小的破孔，反而欲蓋彌彰一樣。	
威廉·莎士比亚	英国	太平景象最能帶來一種危險，就是使人高枕無懮；所以適當的疑慮還是智者的明燈，是防患於未然的良方。	
威廉·莎士比亚	英国	宁愿做一朵篱下的野花，不愿做一朵受恩惠的蔷薇。与其逢迎献媚，偷取别人的欢心，毋宁被众人所鄙弃。	
威廉·莎士比亚	英国	可以量深淺的愛是貧乏的。魔鬼也會引證聖經來替自己的居心辯護。從敵人嘴裏發出的讚美，才是真正的光榮。	
威廉·莎士比亚	英国	虚名是一个下贱的奴隶，在每一座墓碑上说着谀媚的诳话，倒是在默默无言的一荒土之下，往往埋葬着忠臣义士的骸骨。	
威廉·莎士比亚	英国	我们的身体就像一座园圃，意志是这园圃里的园丁……让它荒废不治也好，把它辛勤耕植也好，那权力都在于我们的意志。	
威廉·莎士比亚	英国	要一个骄傲的人看清他自己的嘴脸，只有用别人的骄傲给他做镜子；倘若向他卑躬屈膝，不过添长了他的气焰，徒然自取其辱。	
威廉·莎士比亚	英国	对自己忠实，才不会对别人欺诈。习惯简直有一种改变气质的神奇力量，它可以使魔鬼主宰人类的灵魂，也可以把他们从人们的心里驱逐出去。	
威廉·莎士比亚	英国	不管饕餮的时间怎样吞噬着一切，我们要在这一息尚存的时候，努力博取我们的声名，使时间的镰刀不能伤害我们我们的生命可以终了，我们的名誉却要永垂万古。	
威廉·莎士比亚	英国	疑惑足以败事。一个人往往因为遇事畏缩的原故，失去了成功的机会。最好的好人，都是犯过错误的过来人；一个人往往因为有一点小小的缺点，更显出他的可爱。	
威廉·莎士比亚	英国	人生不过是一个行走的影子，一个在舞台上指手划脚的拙劣的伶人，登场片刻，就在无声无息中悄然退下，它是一个愚人所讲的故事，充满了喧哗和骚动，找不到一点意义。	
威廉·莎士比亚	英国	懦夫在未死以前，就已经死了好多次；勇士一生只死一次，在一切怪事中，人们的贪生怕死就是一件最奇怪的事情。行为胜于雄辩，愚人的眼睛是比他们的耳朵聪明得多的。	
威廉·莎士比亚	英国	患難可以試驗一個人的品格，非常的境遇方才可以顯出非常的氣節；風平浪靜的海面，所有的船隻都能並驅競勝；命運的鐵拳擊中要害的時候，只有大勇大智的人才能夠處之泰然。	
威廉·莎士比亚	英国	人类是一件多么了不起的杰作！多么高贵的理性！多么伟大的力量！多么优美的仪表！多么文雅的举动！在行为上多么像一个天使！在智慧上多么像一个天神！宇宙的精华！万物的灵长！	
查爾斯·狄更斯	英国	這是最好的時候，也是最壞的時候。	出自：《雙城記》
查爾斯·狄更斯	英国	愉快與滿足是偉大的化妝師，保存綺年玉貌的名美容師。	原文:Cheerfulness and content are great beautifiers, and famous preservers of youthful looks.
乔治·萧伯纳	英国	金錢的匱乏是所有罪惡的根源。	"Lack of money is the root of all evil."
乔治·萧伯纳	英国	所有偉大的藝術和文學都是宣傳。	"All great art and literature is propaganda."
乔治·萧伯纳	英国	所有偉大的真理開始於對上帝的褻瀆。	"All great truths begin as blasphemies."
乔治·萧伯纳	英国	爱国主义是一种有害的、精神错乱的白痴形式。	"Patriotism is a pernicious, psychopathic form of idiocy."
乔治·萧伯纳	英国	自由意味着责任，正因为如此，多数人都惧怕自由。	
乔治·萧伯纳	英国	一輩子的幸福！沒有任何活人可以忍受，那將是人間地獄。	
乔治·萧伯纳	英国	對說謊者的懲罰，不是沒有人再相信他，而是他不再相信任何人。	
乔治·萧伯纳	英国	孩子，人生並不意味日子輕鬆好過，但要有勇氣，日子可以是喜悅的。	
乔治·萧伯纳	英国	所謂愛國心，是指因你生為這個國家的國民，相信這個國家比其他一切的國家高貴優越。	"Patriotism is your conviction that this country is superior to all other countries because you were born in it."
乔治·萧伯纳	英国	贫穷是我们社会的最大的罪恶，也是我们社会最可怕的罪行；而我们超越一切的首要责任，就是做到不贫穷。	
乔治·萧伯纳	英国	我呼籲化學家們發明一種人道氣體，它可以立即殺死（人或動物），而且無痛苦。簡而言之，無論如何都能致死，但是人道而不殘忍。	
乔治·萧伯纳	英国	你和我各有一個蘋果，如果我們交換蘋果的話，我們還是只有一個蘋果。但當你和我各有一個想法，我們交換想法的話，我們就都有兩個想法了。	"If you have an apple and I have an apple, and we exchange apples, we both still only have one apple. But if you have an idea and I have an idea, and we exchange ideas, we each now have two ideas. "
乔治·萧伯纳	英国	人往往將現況歸咎於環境因素，但我不相信造化弄人。世界上出類拔萃的人都是運籌帷幄，主動找尋自己想要的環境。要是遍尋不獲，他們就創造一個。	"People are always blaming their circumstances for what they are. I don't believe in circumstances. The people who get on in this world are the people who get up and look for the circumstances they want, and, if they can't find them, make them."
濟慈	英国	忍受所有赤裸的真理，注視環境以一切平靜，那便是主權的頂峰。	*Hyperion，1819
馬克·吐溫	美国	不要把事實告訴不值得的人。	Never tell the truth to people who are not worthy of it.
馬克·吐溫	美国	為氣候上天國，為同伴下地獄。	Go to heaven for the climate, Hell for the company.
馬克·吐溫	美国	「必要」不認識任何的「法律」。	Necessity knows no law.
馬克·吐溫	美国	「原則」是「偏見」的另個名稱。	Principles is another name for prejudice.
馬克·吐溫	美国	一個人最危險的敵人是他自己的口舌。	The deadly enemy of a man, his own tongue....
馬克·吐溫	美国	真正的大不敬是不尊重別人所信仰的神。	True irreverence is disrespect for another man's god.
馬克·吐溫	美国	当真理还正在穿鞋的时候，谎言就能走遍半个世界。	A lie can travel halfway around the world while the truth is still putting on its shoes.
馬克·吐溫	美国	預言是人類唯一一項無法由重复練習而进步的技術。	Prophesying was the only human art that couldn't be improved by practice.
馬克·吐溫	美国	服裝決定人的型態，全裸的人對社會幾乎沒有影響。	－ (1927)
馬克·吐溫	美国	如果所有的人都是富有的，那麼所有的人都是貧窮的。	If all men were rich, all men would be poor.
馬克·吐溫	美国	問題不是蠢人特別多，而是閃電都沒有準確擊中每一個。	The trouble ain't that there is too many fools, but that the lightning ain't distributed right.
馬克·吐溫	美国	讓我們陷入困境的不是無知，而是看似正確的謬誤論斷。	What gets us into trouble is not what we don't know. It's what we know for sure that just ain't so.
馬克·吐溫	美国	一本懷有惡意的書籍將不會傷害到任何人，除了寫它的傻瓜。	A malignant book would hurt nobody but the fool who wrote it.
馬克·吐溫	美国	首先去取得你的事實，然後你才能夠隨心所欲的扭曲誤解它。	Get your facts first, and then you can distort them as much as you like.
馬克·吐溫	美国	被大膽說出的預言，從來不會被迷信的人認為是愚笨無趣的。	Prophecies boldly uttered never fall barren on superstitious ears.
馬克·吐溫	美国	當你為愛情而釣魚時，要用你的心當作餌，而不是用你的腦筋。	When you fish for love, bait with your heart, not your brain.
馬克·吐溫	美国	每個人都是一个月亮，總有一個陰暗面，而他從來不会讓人看見。	Every one is a moon and has a dark side which he never shows to anybody.
馬克·吐溫	美国	為了練習，-{神}-首先造了傻子，然後祂創造了教育委員會。	In the first place God made idiots. This was for practice. Then He made School Boards.
馬克·吐溫	美国	每當你發現自己和大多數人站在同一邊，你就該停下來反思一下。	Whenever you find yourself on the side of the majority, it is time to pause and reflect.
馬克·吐溫	美国	在四月一日時，回想一下這一年來的其他364天自己在做些什麼。	The first of April is the day we remember what we are the other 364 days of the year.
馬克·吐溫	美国	快乐的情感是来源于与不好的事的对比，而快乐本身并没有任何意义。	Happiness ain't a thing in itself --- it's only a contrast with something that ain't pleasant. That's all it is.
馬克·吐溫	美国	絕不要和愚蠢的人爭論，他們會把你拖到他們那樣的水平，然後回擊你。	Never argue with stupid people, they will drag you down to their level and then beat you with experience.
馬克·吐溫	美国	人一生有兩個最重要的日子，一是出生的那天，二是發現你為何而生的那天。	The two most important days in your life are the day you are born and the day you find out why.
馬克·吐溫	美国	良好的教養在於隱藏我們對自己較佳的評價，以及隱藏我們對他人較差的評價。	Good breeding consists in concealing how much we think of ourselves and how little we think of the other person.
馬克·吐溫	美国	真相比小說更加荒誕，因為虛構是在一定邏輯下進行的，而現實往往毫無邏輯可言。	Truth is stranger than fiction, but it is because Fiction is obliged to stick to possibilities; Truth isn’t.
馬克·吐溫	美国	每一個人生下來都擁有一項資產，它比其他所有的資產價值都高，就是他最後的一口氣。	Each person is born to one possession which outvalues all his others --- his last breath.
馬克·吐溫	美国	「名聲」如同是蒸氣，「聲望」如同是意外，在地球上唯一可以確定的事情是被遺忘掉。	Fame is vapor; popularity an accident; the only earthly certainty is oblivion.
馬克·吐溫	美国	當一個人閱讀聖經時，他對於神祇所知程度的驚訝往往低於他對於神祇所不知程度的驚訝。	When one reads Bibles, one is less surprised at what the Deity knows than at what he doesn't know.
馬克·吐溫	美国	有一個人從天堂來到人間旅遊，他所使用的是有效三十天的減價票，他試圖要把他的回程票賣掉。	Ingersoll's story of the man that went down from heaven on a reduced-rate excursion ticket good for 30 days --- and tried to sell his return ticket.
馬克·吐溫	美国	經常要坦白地承認一項過失錯誤，這將使你的上司意料防備不及，才會給你一個機會去犯更多的錯誤。	Always acknowledge a fault frankly. This will throw those in authority off their guard and give you an opportunity to commit more.
馬克·吐溫	美国	沒有一個世紀，也沒有一個國家曾經缺少過這樣的專家，他們能夠知道神祇的心思，而且也願意表示出來。	There was never a century nor a country that was short of experts who knew the Deity's mind and were willing to reveal it.
馬克·吐溫	美国	如果你收養了一隻飢餓可憐的狗，並且讓牠舒適順利，牠將不會咬你，這便是一個人與一隻狗之間最主要的差別。	If you pick up a starving dog and make him prosperous, he will not bite you. This is the principal difference between a dog and a man.
馬克·吐溫	美国	印度擁有兩百萬個神靈，他們崇拜所有的這些神靈。在宗教上其他的國家都是窮人，印度是唯一的「百萬富翁」。	India has 2,000,000 gods, and worships them all. In religion other countries are paupers; India is the only millionaire.
馬克·吐溫	美国	人類是唯一如此的動物：他愛護他的鄰居就如同愛護他自己一樣，但是如果對方的宗教神學有問題，他會割斷對方的喉嚨。	He is the only animal that loves his neighbor as himself, and cut his throat if his theology isn't straight.
馬克·吐溫	美国	但誰會為撒但祈禱呢？十八個世紀以來，有誰具有共同的人性，為一個最有需要的罪人祈禱？（出自《簡·蘭普頓·克萊門斯》）	But who prays for Satan? Who, in eighteencenturies, has had the common humanity to pray for the one sinner that needed it most?（From Jane Lampton Clemens）
馬克·吐溫	美国	雖然在一切的成長物中，愛情看上去是最快的，究其實卻最遲緩。男男女女沒有一個人曉得什麼是十全十美的愛，除非一直到他們結婚了二十五年之後。	Though love seems the fastest of all growths, it is really the slowest. No man or woman knows what perfect love is, until they have been married a quarter of a century.
馬克·吐溫	美国	二十年後，你會懊悔更多的是那些現在沒做，而不是真的做了的事。所以，拋開繩結，駛離安全的港灣。掌握好你的風向，勇敢的探險，夢想，發現吧。	Twenty years from now, you will be more disappointed by the things you didn’t do than the ones you did.So throw off the bowlines. Sail away from the safe harbor. Catch the trade winds in your sails. Explore. Dream. Discover. （註：這句説話被部份人質疑不是由馬克·吐温所説的。）
馬克·吐溫	美国	我會用city而永不用Metropolis來表達城市，用cop而永不用policeman來表達警察，既然三丶四個字母可以賺七個美分，為什麼要用長而贅的字呢？	I never write Metropolis for seven cents because I can get the same price for city. I never write policeman because I can get the same money for cop.
馬克·吐溫	美国	亞當真是一位老糊塗，他本來一切事情都很順利，而且他已經成功的贏得社區內最漂亮女孩子的芳心，但是他對自己的征服成果卻感到不滿足，他必須去吃那一顆可憐的小蘋果。	What a fool old Adam was. Had everything his own way; had succeeded in gaining the love of the best looking girl in the neighborhood, but yet unsatisfied with his conquest he had to eat a miserable little apple.
亨利·戴维·梭罗	美国	出發吧!最好的地方就在你的腳下！	
亨利·戴维·梭罗	美国	從此人心堅硬，任勞任怨，證明我們的身體本是岩石。（湖濱散記）	
亨利·戴维·梭罗	美国	如此微小的開端──就像一粒塵埃──卻是巨樹的起源。(種子的信仰)	
亨利·戴维·梭罗	美国	孤獨這個地方 偶爾前往是不錯,但是如果停留在那裏 就會無比寂寞。	
亨利·戴维·梭罗	美国	無論是如何古老的思想與行為，除非有確證，便不可以相信。（湖濱散記）	
亨利·戴维·梭罗	美国	有時候我划船在瓦爾登湖上時，我就停止了生活，而開始了自己的存在。（瓦尔登湖）	
亨利·戴维·梭罗	美国	就像我们面对面和在明朗的白天里悟到真理一样，我们也在背地里和在黑夜中与真理不期而遇。	
亨利·戴维·梭罗	美国	和同伴格格不入的人，或许只是因为他听到的拍子不一样。何不就让这人随着他听到的乐声走，管他有无节奏，是否离谱呢。	
亨利·戴维·梭罗	美国	只要有一株馬利筋懷抱信仰，傑出成熟的種子，誰還相信聖經中先知米勒或但以理所言，關於世界末日將在今年夏天來臨的預言呢？	
霍华德·菲利普斯·洛夫克拉夫特	美国	人类最古老而强烈的情绪，便是恐惧；而最古老最强烈的恐惧，便是对未知的恐惧。	《文学中的超自然恐怖》，1927年作，1938年發表
艾薩克·巴什維斯·辛格	美国	我吃素是出於對雞隻的考量	
艾薩克·巴什維斯·辛格	美国	廢紙簍依然是作家最好的朋友。	
艾薩克·巴什維斯·辛格	美国	唯一產生優秀作品的是艱苦的工作。	
艾薩克·巴什維斯·辛格	美国	在你背叛别人的那一刻，你也背叛了自己。	原文：When you betray somebody else, you also betray yourself.
艾薩克·巴什維斯·辛格	美国	过日子就像是上帝在写小说，就让他放开手去写吧。	原文：Life is God's novel. Let him write it.
艾薩克·巴什維斯·辛格	美国	在愛情和性愛中比在任何其他關係中，人的本性顯露得更充份。	
艾薩克·巴什維斯·辛格	美国	也許有才能而又敏感的人能拯救文化；說不定藝術家具有先知的才智。	
艾薩克·巴什維斯·辛格	美国	真正的藝術家應該振奮讀者的精神，給讀者提供一個消遣和避難的所在。	
艾薩克·巴什維斯·辛格	美国	對於有創造力的人來說，悲觀並不等於頽廢，而是一種拯救人類的強烈熱情。	
艾薩克·巴什維斯·辛格	美国	愛情不是游戲，首先我得看得起那個人，信任他，對他的思想和各格都完全放心才行。	
艾薩克·巴什維斯·辛格	美国	如果你真心愛一個女人，那麼她的朋友就是你的朋友，她的樂趣就是你的樂趣，她的喜悅也應當是你的喜悅。	
艾薩克·巴什維斯·辛格	美国	大家總是拿「人類自古就吃肉」來當作繼續吃葷的藉口，如果照這個邏輯來推論，那麼我們應該也不能阻止人類互相殘殺的行為，因為自古以來人類便一直這麼做。	
列夫·托爾斯泰	俄罗斯	真正的善行能隱藏自己。	
列夫·托爾斯泰	俄罗斯	哪裡有愛，哪裡就有上帝。	
列夫·托爾斯泰	俄罗斯	決心即力量，信心即成功。	
列夫·托爾斯泰	俄罗斯	瞭解一切，就會原諒一切。	
列夫·托爾斯泰	俄罗斯	認為人可以沒有信仰是一種迷信。	
列夫·托爾斯泰	俄罗斯	真正的知識要靠思考而非記憶來習得。	
列夫·托爾斯泰	俄罗斯	人類的使命，在於自強不惜地追求完美。	
列夫·托爾斯泰	俄罗斯	沒有智慧的頭腦，就像沒有蠟燭的燈籠。	
列夫·托爾斯泰	俄罗斯	貧窮是悲哀的事。但是富裕則倍加悲哀。	
列夫·托爾斯泰	俄罗斯	一個人給予的越少，要求的越多，他就越壞。	
列夫·托爾斯泰	俄罗斯	接近蜜蜂不能不加小心，接近人不能沒有愛心	
列夫·托爾斯泰	俄罗斯	財富並非永久的朋友，朋友卻是永久的財富。	
列夫·托爾斯泰	俄罗斯	一切利己的生活，都是非理性的，動物的生活。	
列夫·托爾斯泰	俄罗斯	人生不是一種享樂，而是一樁十分沉重的工作。	
列夫·托爾斯泰	俄罗斯	只有不斷製造地獄的人，才擔心自己深陷其中。	
列夫·托爾斯泰	俄罗斯	人生的價值，並不是用時間，而是用深度去衡量的。	
列夫·托爾斯泰	俄罗斯	人若隨時反省自己的缺點，便無暇顧及別人的缺點。	
列夫·托爾斯泰	俄罗斯	當你受誘惑、焦慮時，想想自己的心靈，並想起神。	
列夫·托爾斯泰	俄罗斯	聖人探索過一切的可知，這才充分認識到自己的無知。	
列夫·托爾斯泰	俄罗斯	道德之純潔是睿智的條件，而它的結果是精神之和平。	
列夫·托爾斯泰	俄罗斯	當勞動真正為生活所需時，它便會是一種喜悅而非痛苦。	
列夫·托爾斯泰	俄罗斯	你可以希望別人說你的好話，可千萬別急著說自己的好話。	
列夫·托爾斯泰	俄罗斯	人若以盡天道為己命，便不會因別人的論斷而感到戰戰兢兢。	
列夫·托爾斯泰	俄罗斯	我深信，再也沒有比著裝對於人的發展會有這樣驚人的影響。	
列夫·托爾斯泰	俄罗斯	人生並非遊戲，因此，我們並沒有權利只憑自己的意願放棄它。	
列夫·托爾斯泰	俄罗斯	沒人能舉起自己，人也無法讚賞自己。自我讚賞讓自己在他人前貶值。	
列夫·托爾斯泰	俄罗斯	真正的幸福只能在對鄰人的服務裡找到，人的生活也因此才彼此相聯。	
列夫·托爾斯泰	俄罗斯	人所能得到的最大幸福、最自由快樂的心境，莫過於愛別人和為別人獻身。	
列夫·托爾斯泰	俄罗斯	對人存善心是我們的義務，若我們對人不善，我們的惡念便也會挑起別人的惡。	
列夫·托爾斯泰	俄罗斯	思想、思想的表現（語言）都是嚴肅的，為肯定自己而玩起文字遊戲絕非好事。	
列夫·托爾斯泰	俄罗斯	我們的生活方向無論怎樣被過去的事情影響著，也能因精神上的努力而得以改善。	
列夫·托爾斯泰	俄罗斯	善心與深情會美化生命，會化解所有的矛盾衝突，解開糾紛，化繁為簡，撥雲見日。	
列夫·托爾斯泰	俄罗斯	幸福的家庭有同樣的幸福，而不幸的家庭則各有各的不幸。——《安娜·卡列尼娜》	
列夫·托爾斯泰	俄罗斯	基督傳講的真理簡單易懂，幼兒亦能明白，只有自稱是基督徒而不配之的人才對此不解。	
列夫·托爾斯泰	俄罗斯	我們對別人的論斷往往是不正確的，因為沒人能真正認識別人身上已發生和正發生的事。	
列夫·托爾斯泰	俄罗斯	重要的不是知識的數量，而是知識的質量，有些人知道很多很多，但卻不知道最重要的東西。	
列夫·托爾斯泰	俄罗斯	生命可以是喜悅的，也應當是這樣，只要我們盡了義務，過該有的生活，便會感到無比的喜悅。	
列夫·托爾斯泰	俄罗斯	一個人就像一個分數，他的實際才能是分子，他對自己的評價是分母──分母越大，分數的值就越小。	
列夫·托爾斯泰	俄罗斯	勞動——儘自己的力量工作，是人生的必要條件。人若不做必要而合理的事，便會去做不必要而愚昧的事。	
列夫·托爾斯泰	俄罗斯	一個人越聰明、越善良，他看到別人身上的美德越多；而人越愚蠢、越惡毒，他看到別人身上的缺點也越多。	
列夫·托爾斯泰	俄罗斯	我們各自都有著上天要我們完成的事業，我們雖然無法知道那事業的整體，卻不得不知道自己應做的那份工作。	
列夫·托爾斯泰	俄罗斯	人應當互助，應當自覺地互助。為接受自己同胞的扶助，不是只管付錢就夠，還必須以尊敬、感謝，和親切來回報。	
列夫·托爾斯泰	俄罗斯	真正的宗教指的是我們的內心與環繞我們的無限境遇間的一種關係，它讓我們的生活與無限結合，並引導我們行為。	
列夫·托爾斯泰	俄罗斯	讓我們失去平安的，並非變換著的環境，而是不知足的慾望。什麼都想做的人最後便會什麼都不想做；只做自己該做的事吧。	
列夫·托爾斯泰	俄罗斯	勤勞對所有人都是重要的，因為勤勞能帶給人真正的幸福。不教孩子們用雙手來勞動，便是為他們未來可能的搶奪行為做準備。	
列夫·托爾斯泰	俄罗斯	動物不運動自身的肌肉便無法健康地生存，人來也一樣。如果你想快樂地運用肌肉，最好把它用於有益的工作，特別是服務他人。	
列夫·托爾斯泰	俄罗斯	人以他的所為影響著自己的生活；一個人所做的事可以決定他的幸與不幸；這是人生之道。因而，對我們最重要的便是我們現在正做的事情。	
列夫·托爾斯泰	俄罗斯	「不要抵抗罪惡，但是你們自己也不要參與罪惡——不要參與法庭的以暴力為基礎的活動，不要收税，更重要的是不要當兵，那麼就沒有人能夠奴役你們。」	
列夫·托爾斯泰	俄罗斯	愛剛萌芽時非常柔弱，一點也碰不得。只有成長的時候才會變得強大。而無知道揠苗助長則反而害了它。重要的是：以智慧的太陽來照顧，來培育愛的小芽。	
列夫·托爾斯泰	俄罗斯	苦惱是人的成長裡不可缺少的條件。如果沒有苦惱，人便不會了解自己的內心世界，也不會了解自己本身。在苦惱中探索精神成長的意義吧，苦惱與悲哀也會隨之消失。	
普希金	俄罗斯	阅读，是最好的学问。	
普希金	俄罗斯	希望是厄运的忠实的姐妹。	
普希金	俄罗斯	年轻的良知像晴天一样明洁。	
普希金	俄罗斯	没有幸福，只有自由和平静。	
普希金	俄罗斯	一切过去了的将会变成亲切的回忆。	
普希金	俄罗斯	假如生活欺骗了你，不要悲伤，不要心急！	出自：《假如生活欺骗了你》
普希金	俄罗斯	人的影响短暂而微弱，书的影响则广泛而深远。	
普希金	俄罗斯	倾听着年轻姑娘的歌声，老人的心也变得年轻。	
普希金	俄罗斯	我们喜爱高尚的谎言，胜过喜爱许许多多的真理。	出自：《英雄》
普希金	俄罗斯	法律之剑不能到达的地方，讽刺之鞭必定可以到达。	
普希金	俄罗斯	爱惜衣裳要从新的时候起，爱惜名誉要从幼小时候起。	
普希金	俄罗斯	被你那缠绵悱恻的梦想，随心所欲选中的人多么幸福。	
普希金	俄罗斯	敏感并不是智慧的证明，傻瓜甚至疯子有时也会格外敏感	
普希金	俄罗斯	生活之梦啊！飞逝吧，我不惋惜，在黑暗中消失吧，空虚的幻影。	
普希金	俄罗斯	读书和学习是在别人思想和知识的帮助下，建立起自己的思想和知识。	
普希金	俄罗斯	一切都是瞬息，一切都将会过去；而那过去了的，就会成为亲切的怀恋。	出自：《假如生活欺骗了你》
普希金	俄罗斯	不论是多情诗句，漂亮的文章，还是闲暇的欢乐，什么都不能代替无比亲密的友谊。	
普希金	俄罗斯	等青春轻飘的烟雾把少年的欢乐袅袅曳去，之后，我们就能取得一切值得吸取的东西。	
普希金	俄罗斯	世界的设计创造应以人为中心，而不是以谋取金钱，人并非以金钱为对象而生活，人的对象往往是人。	
普希金	俄罗斯	在冷漠的人群面前，我说着一种自由的真理的语言，但是对凡庸愚昧的人群来说，高贵的心的声音却可笑到极点。	
歌德	德国	我愛你，與你無關。	
歌德	德国	青春就是无酒自醉。	英文：Youth is intoxication without wine.
歌德	德国	最不自然的東西也是自然。	
歌德	德国	感覺並不會詐欺，判斷卻會。	
歌德	德国	唯有太陽有權利身上帶著斑點。	
歌德	德国	越感到你是人，你越是想像神！	
歌德	德国	人格是大地之子最崇高的幸福。	出处:《东西诗篇》
歌德	德国	寫歷史，乃是脫卻過去的一種方法。	
歌德	德国	时间是我的财产，我的田地是时间。	出处:《格言诗二十六首》
歌德	德国	今天沒開始做的事，明天絕不會完成。	
歌德	德国	所有理论都是灰色的，生命的金树常青。	出处：《浮士德》
歌德	德国	你若要迈入无限，就只在有限中走向各方面。	出处:《格言诗二十六首》
歌德	德国	只要我們能善用時間,就永遠不愁時間不夠用。	
歌德	德国	凡不是就着泪水吃过面包的人是不懂得人生之味的人。	
歌德	德国	意志的力量無法成功的時候，只有等待好機遇的到來。	
歌德	德国	決定一個人的一生，以及整個命運的，只是一瞬之間。	
歌德	德国	能分享他人痛苦的，是人；能分享他人快樂的，是神。	
歌德	德国	你若要为你的意义而欢喜，就必须给这个世界以意义。	出处:《格言诗二十六首》
歌德	德国	在晚间我拍死了一千个苍蝇，在黎明却有一个把我搅醒。	出处:《格言诗二十六首》
歌德	德国	一個有真正大才能的人卻在工作過程中感到最高度的快樂。	
歌德	德国	我要做的事，不過是伸手去收割旁人替我播種的莊稼而已。	
歌德	德国	自然不斷地建設，又不斷地破壞。自然的工廠是難以達成的。	
歌德	德国	人們還往往把真理和錯誤混在一起去教人，而堅持的卻是錯誤。	
歌德	德国	誰要遊戲人生，他就一事無成，誰不能主宰自己，永遠是一個奴隸。	出处:《格言和感想集》
歌德	德国	痛苦遺留給你的一切，請細加回味！苦難一經過去，苦難就變為甘美。	出處：《格言集》
歌德	德国	關鍵在於要有一顆愛真理的心靈，隨時隨地碰見真理，就把它吸收進來。	
歌德	德国	人变得真正低劣时，除了對别人的不幸幸災樂禍外，已无其他乐趣可言。	原文
歌德	德国	人在努力時一定會有迷惘的時候，只有在快樂和困惑的時候才能認識自己。	
歌德	德国	我們為祖國服務，也不能都採用同一方式，每個人應該按照資稟，各盡所能。	
歌德	德国	你不是有一份遗产吗？认真地把它当作任务吧！只有如此，你才真把它变成自己的东西。	
歌德	德国	真理就是火炬，同時也是一支巨大的火把。因此我們都想瞇著眼睛走過去，甚至擔心會被燙傷。	
歌德	德国	我不應把我的作品全歸功於自己的智慧，還應歸功於我以外向我提供素材的成千成萬的事情和人物。	
歌德	德国	我們對於真理必須經常反覆地說，因為錯誤也有人在反覆地宣傳，並且不是有個別的人而是有大批的人宣傳。	
歌德	德国	我這一生基本上只是辛苦工作，我可以說，我活了七十五歲，沒有那一個月過的是舒服生活，就好像推一塊石頭上山，石頭不停地滾下來又推上去。	